Année	Evènement	Lieu	Géolien	Média	Portrait	Catégorie
2012	Ouverture de la <b>Cité de la mode et du design</b>	Paris, France		<img src="http://upload.wikimedia.org/wikipedia/fr/b/bf/Les_docks_cite_de_la_mode_et_du_design_logo_2008.png" class="image-0" width="200" style="width: 200px; cursor: default;"> <br><img src="http://upload.wikimedia.org/wikipedia/commons/3/31/P1010563_Paris_XIII_quai_d'Austerlitz_et_Institut_de_la_mode_reductwk.JPG" class="image-0 image-1" width="200" style="width: 200px; cursor: default;">  		Institution	
2011	Exposition <b>Talk to Me</b> de Paola Antonelli au MoMA	New York, NY, USA		<img src="http://natasha.saxberg.dk/files/2012/10/MOMA_Sflickr.comphotosanacarina.jpg" class="image-0 image-1 image-4 image-2" width="200" style="width: 200px; cursor: default;">  	<img src="http://www.alyngriffiths.com/scene/wp-content/uploads/Paola-Antonelli.jpg" class="image-3" width="200" style="width: 200px; cursor: default;">  	Exposition	
2009	Création de l’agence <b>User Studio </b>par Matthew Marino, Denis Pellerin et Mathieu Savary	Paris, France		<img src="http://www.userstudio.fr/buttons/logo_userstudio.png" class="image-0 image-1 image-4 image-5 image-3 image-6" width="200" style="width: 200px; cursor: default;"> <br><img src="http://www.userstudio.fr/content/blog/47/images_51dbf7cda37ea_3.jpg" width="200" style="width: 200px; cursor: default;" class="image-4 image-5 image-6 image-7">  		Agence	
2008	Exposition <b>Design and the Elastic Mind</b> dirigée par Paola Antonelli	New York, NY, USA		<img src="http://graphics8.nytimes.com/images/2008/02/22/arts/22096095.JPG" class="image-0 image-1 image-4 image-7 image-5 image-6 image-8 image-10 image-9" width="200" style="width: 200px; cursor: default;">  		Exposition	
2009	Théorie du <b>design fiction,</b> Julian Bleecker. – j'ai supprimé Shaping Things, Bruce Sterling			<img src="http://s3files.core77.com/blog/images/3358162573_39ea148d7f_o.jpg" class="image-0 image-1 image-4 image-10 image-8 image-9 image-11 image-16 image-6 image-5 image-3" width="200" style="width: 200px; cursor: default;">  	<img src="http://usesthis.com/images/portraits/julian.bleecker.jpg" class="image-0 image-1 image-4 image-10 image-8 image-9 image-11 image-17 image-7 image-6 image-5" width="200" style="width: 200px; cursor: default;">  	Théorie	
2008	Création du <b>Lieu du Design</b>	Paris, France		<img src="http://innovation-idf.org/fr/images/stories/ldd-hi-res2.jpg" class="image-0 image-1 image-4 image-6 image-5 image-8 image-7 image-9" width="200" style="width: 200px; cursor: default;"> <br><img src="http://www.deco-in.fr/assets/images/interviews/12-lieu-du-design/03-lieu-du-design-vue-exterieur.jpg" class="image-0 image-1 image-4 image-6 image-5 image-7 image-9 image-8 image-10" width="200" style="width: 200px; cursor: default;">  		Institution	
2007	Fondation du <b>Copenhagen Institute of Interaction Design (CIID)</b> par Heather Martin et Simona Maschi	Copenhagen, Denmark	<a href="http://louiseveillard.com/files/carto-dr-5/index.html?lng=12.5935&amp;lat=55.682406&amp;zom=14" target="_blank"><img src="http://d13yacurqjgara.cloudfront.net/users/122350/screenshots/960176/mapicon800.png" class="image-22 image-15 image-16 image-11" width="200" style="width: 200px; cursor: default;"></a>  	<img src="http://www.shiftcontrol.dk/uploads/37/ciid_1.jpg" class="image-0 image-1 image-4 image-9 image-7 image-8 image-10 image-11 image-15 image-13 image-16 image-17 image-12" width="200" style="width: 200px; cursor: default;">  	<img src="http://s3files.core77.com/blog/images/inter_cop.jpg" class="image-0 image-1 image-4 image-8 image-6 image-7 image-9 image-10 image-12 image-11 image-16 image-14 image-17 image-18 image-13" width="200" style="width: 200px; cursor: default;">  	Accademia	
2007	Création de l’<b>EnsadLab</b>	Paris, France	<a href="http://louiseveillard.com/files/carto-dr-5/index.html?lng=2.34461&amp;lat=48.842738&amp;zom=14" target="_blank"><img src="http://d13yacurqjgara.cloudfront.net/users/122350/screenshots/960176/mapicon800.png" class="image-22 image-23 image-31 image-60 image-11 image-14" width="200" style="width: 200px; cursor: default;"></a>  	<img src="http://hist3d.ensad.fr/wp-content/uploads/2011/10/EnsAD-logo-couleur-300x3001.jpg" class="image-0 image-1 image-4 image-10 image-8 image-9 image-11 image-13 image-12 image-15" width="200" style="width: 200px; cursor: default;"> <br><img src="https://scontent-a-fra.xx.fbcdn.net/hphotos-frc1/t1/1424391_10152096651419073_268587487_n.jpg" class="image-0 image-1 image-4 image-10 image-8 image-9 image-11 image-12 image-14 image-13 image-16" width="200" style="width: 200px; cursor: default;">  		Accademia	
2006	Fondation de l'association<b> Designers Interactifs</b>	Paris, France		<img src="http://t1.gstatic.com/images?q=tbn:ANd9GcR_Sl01TjoAj6v4I5yqnHuIvWv52HmInBIZtxoHZtC4POwhGya2iK23TK-9VQ" class="image-0 image-1 image-4 image-10 image-8 image-9 image-11 image-15 image-17 image-16 image-18 image-19" width="200" style="width: 200px; cursor: default;"> <br>  		Association	
2004	Exposition <b>Massive Change</b>			<img src="http://angelasullivandesigns.files.wordpress.com/2010/08/massive-change-1.jpg" class="image-0 image-1 image-4 image-10 image-8 image-9 image-11 image-18 image-17 image-16 image-19 image-20" width="200" style="width: 200px; cursor: default;"> <br><img src="http://farm1.staticflickr.com/80/281008889_e23653f847_o.jpg" class="image-0 image-1 image-4 image-10 image-8 image-9 image-11 image-19 image-18 image-17 image-20 image-21" width="200" style="width: 200px; cursor: default;">  		Exposition	
2003	Fondation d’<b>IxDA</b>	International		<img src="http://www.artefactgroup.com/wp-content/uploads/2011/12/ixda.jpg" class="image-0 image-1 image-4 image-10 image-8 image-9 image-11 image-20 image-19 image-18 image-21 image-22" width="200" style="width: 200px; cursor: default;">  		Institution	
2007	Création de l'agence <b>IDSL</b> par Nicolas Gaudron et Virgnia Cruz	Paris, France		<img src="http://www.id-sl.com/assets/images/logo2.png" class="image-0 image-1 image-4 image-10 image-8 image-9 image-11 image-13 image-15 image-14 image-17" width="200" style="width: 200px; cursor: default;">  	<img src="http://www.nealite.fr/wp-content/uploads/2012/09/idsl.jpg" class="image-0 image-1 image-4 image-10 image-8 image-9 image-11 image-14 image-16 image-15 image-12 image-18" width="200" style="width: 200px; cursor: default;">  	Agence	
2002	fondation d’<b>IntuiLab</b> et d’<b>InProcess</b> par Christophe Rebours	Toulouse, France		<img src="https://lh5.googleusercontent.com/-rZKDeU8yVQY/UcF9zzIoZiI/AAAAAAAAAKU/fSuEvEdt8Qw/s0/Intuilab-Logo-light%2Bbackground.png" class="image-0 image-1 image-4 image-10 image-8 image-9 image-11 image-21 image-20 image-19 image-22 image-23" width="200" style="width: 200px; cursor: default;">  		Agence	
2001	Fondation du<b> Interaction Design Institute</b> par Gillian Crampton-Smith	Ivrea, Italy		<img src="http://farm1.staticflickr.com/122/268308263_82bc925515_b.jpg" class="image-0 image-1 image-4 image-10 image-8 image-9 image-11 image-22 image-23 image-21 image-20 image-24 image-25 image-26 image-27" width="200" style="width: 200px; cursor: default;">  		Accademia	
2000	Fondation d’<b>Intactile Design</b> par Yves Rinato	Montpellier, France		<img src="http://annuaire.novae-lr.org/files/logo/societes/logo_intactile%20design_569.jpg" class="image-23 image-25 image-24 image-26 image-27 image-28" width="200" style="width: 200px; cursor: default;">  	<img src="http://t0.gstatic.com/images?q=tbn:ANd9GcS27pjHF8QayPZkEZORVDdcVHc_lCBCuQB_qVE7NvZ-9H-CHtSWTKLt8LSU" class="image-24 image-26 image-25 image-27 image-28 image-29" width="200" style="width: 200px; cursor: default;">  	Agence	
1999	Théorie du <b>Design Critique</b> par Anthony Dunne et Fiona Raby dans Hertzian Tales	London, UK	<a href="http://louiseveillard.com/files/carto-dr-5/index.html?lng=-0.065606&amp;lat=51.525968&amp;zom=14" target="_blank"><img src="http://d13yacurqjgara.cloudfront.net/users/122350/screenshots/960176/mapicon800.png" class="image-22 image-23 image-31 image-32" width="200" style="width: 200px; cursor: default;"></a>  	<img src="http://manufacturaindependente.com/neural-archive-imgs/fullsize/Hertzian_tales.jpg" class="image-29 image-28 image-27 image-30 image-31 image-32 image-33" width="200" style="width: 200px; cursor: default;">  	<img src="http://www.biennale2010.citedudesign.com/images/commissaires/grand/dune_raby_GF.jpg" class="image-30 image-29 image-28 image-31 image-32 image-33 image-34" width="200" style="width: 200px; cursor: default;">  	Théorie	
2001	Fondation de <b>NoDesign</b> par Jean-Louis Fréchin	Paris, France	<a href="http://louiseveillard.com/files/carto-dr-5/index.html?lng=2.369238138198853&amp;lat=48.858510528069914&amp;zom=14" target="_blank"><img src="http://d13yacurqjgara.cloudfront.net/users/122350/screenshots/960176/mapicon800.png" class="image-22 image-23 image-24 image-25" width="200" style="width: 200px; cursor: default;"></a>  	<img src="http://www.designineurope.com/logos/50/original/nodesign.logo.jpg" class="image-22 image-23 image-21 image-24 image-25 image-26" width="200" style="width: 200px; cursor: default;">  	<img src="http://www.les-industries-technologiques.fr/media/deliacms/media/17/1796-d5b0a0.jpeg" class="image-23 image-24 image-22 image-25 image-26 image-27" width="200" style="width: 200px; cursor: default;">  	Agence	
1999	Début de l’<b>Observeur du design</b> (par l'APCI)	Paris, France		<img src="http://www.novoceram.fr//wp-content/uploads/2009/10/observeur-design-logo.png" class="image-27 image-26 image-25 image-28 image-29 image-30" width="200" style="width: 200px; cursor: default;"> <br><img src="http://www.apci.asso.fr/wp-content/uploads/2013/03/CSI-2.jpg" class="image-27 image-28 image-26 image-29 image-30 image-31" width="200" style="width: 200px; cursor: default;">  		Institution	
1997	Fondation d’<b>Attoma</b> par Giuseppe Attoma et Christian Loizel	Paris, France		<img src="http://attoma-design.com/img/design/Attoma_logo2.png" class="image-31 image-30 image-29 image-32 image-33 image-34 image-35" width="200" style="width: 200px; cursor: default;">  	<img src="http://attoma-design.com/img/upload/giuseppe_attoma.jpg" class="image-32 image-31 image-30 image-33 image-34 image-35 image-36" width="200" style="width: 200px; cursor: default;"> <br><img src="http://attoma-design.com/img/upload/christian_loizel.jpg" class="image-33 image-32 image-31 image-34 image-35 image-36 image-37" width="200" style="width: 200px; cursor: default;">  	Agence	
1996	Théorie de l’<b>Expérience Optimale (Flow)</b> par Mihaly Csikszentmihalyi	Claremont, CA, USA		<img src="http://readers.penguin.co.uk/static/images/Flow.jpg" class="image-35 image-34 image-33 image-32 image-36 image-37 image-38" width="200" style="width: 200px; cursor: default;">  	<img src="http://images.ted.com/images/ted/57024_389x292.jpg" class="image-34 image-33 image-32 image-31 image-35 image-36 image-37 image-38 image-39" width="200" style="width: 200px; cursor: default;">  	Théorie	
1991	Création d’<b>IDEO</b> par Bill Moggridge, Mike Nuttall, David M. Kelley	Palo Alto, CA, USA		<img src="http://fyidesigndept.com/wp-content/uploads/2010/07/IDEO_logo.png" class="image-36 image-35 image-34 image-33 image-37 image-38 image-39 image-40" width="200" style="width: 200px; cursor: default;">  	<img src="http://mindtribe.com/wp-content/uploads/2010/11/ideo_timbilldavid_sized.jpg" class="image-37 image-36 image-35 image-34 image-38 image-39 image-40 image-41" width="200" style="width: 200px; cursor: default;">  	Agence	
1990	Création du <b>Computer Related Design Master,</b> RCA, Gillian Crampton Smith (Anthony Dunne)	London, UK		<img src="http://www.manystuff.org/wp-content/uploads/2009/11/RCA.jpg" class="image-38 image-37 image-36 image-35 image-39 image-40 image-41 image-42" width="200" style="width: 200px; cursor: default;">  	<img src="http://www.designinginteractions.com/img/interviews/GillianCramptonSmith.jpg" class="image-39 image-38 image-37 image-36 image-40 image-41 image-42 image-43" width="200" style="width: 200px; cursor: default;">  	Accademia	
1988	Parution du livre<b> The Psychology of Everyday Things</b> de Donald A. Norman			<img src="http://academic.evergreen.edu/s/stilsonr/Predicting%20Obsolescence/PsychofEveryday.jpg" class="image-40 image-39 image-38 image-37 image-41 image-42 image-43 image-44" width="200" style="width: 200px; cursor: default;">  	<img src="https://www.imperial.ac.uk/publications/reporterarchive/images/photos/0068/dnormanp2.jpg" class="image-41 image-40 image-39 image-38 image-42 image-43 image-44 image-45" width="200" style="width: 200px; cursor: default;">  	Théorie	
1986	Parution de <b>User Centered System Design</b> de Donald A. Norman			<img src="http://s3.amazonaws.com/media.nngroup.com/media/publications/books/user_centered_system_design_resized.png.300x400_q95_crop_upscale.png" class="image-42 image-41 image-40 image-39 image-43 image-44 image-45 image-46" width="200" style="width: 200px; cursor: default;">  	<img src="http://www.studiothick.com/wp-content/uploads/2013/10/Don-Norman-Photo2.jpg" class="image-47" width="200" style="width: 200px; cursor: default;"> 	Théorie	
1985	Création du <b>MIT Media Lab</b> par Nicholas Negroponte	Boston, MA, USA		<img src="https://lh3.googleusercontent.com/-bMjOh3HvjKA/UA_q9fXbepI/AAAAAAAAACw/svItv6I9vaE/s250-no/photo.jpeg" class="image-44 image-45 image-46 image-47 image-48" width="200" style="width: 200px;">  	<img src="http://netpedia.hu/media/image/Nicholas_negroponte.jpg" class="image-45 image-44 image-43 image-42 image-46 image-47 image-48 image-49" width="200" style="width: 200px; cursor: default;">  	Accademia	
1980	Définition de l’<b>Interaction Design</b> par Bill Moggridge &amp; Bill Verplank			<img src="http://3.bp.blogspot.com/_WPSB_5cLe20/Sw-otiRjofI/AAAAAAAAA3M/zw5Fv7mL3B4/s1600/InteractionDesign-+bill+moggridge.gif" class="image-48 image-47 image-46 image-45 image-49 image-50 image-51 image-52" width="200" style="width: 200px; cursor: default;">  	<img src="http://static.guim.co.uk/sys-images/Observer/Columnist/Columnists/2010/11/12/1289571278857/bill-moggridge-006.jpg" class="image-49 image-48 image-47 image-46 image-50 image-51 image-52 image-53" width="200" style="width: 200px; cursor: default;"> <br><img src="http://cc13.creativityandcognition.com/wp-content/uploads/2012/12/BV_blue_ready_rev.jpg" class="image-50 image-49 image-48 image-47 image-51 image-52 image-53 image-54" width="200" style="width: 200px; cursor: default;">  	Théorie	
1982	Création de l’<b>ENSCI</b>	Paris, France		<img src="http://upload.wikimedia.org/wikipedia/fr/f/f5/ENSCI-Les_Ateliers.png" class="image-46 image-45 image-44 image-43 image-47 image-48 image-49 image-50" width="200" style="width: 200px; cursor: default;"> <br><img src="http://2.bp.blogspot.com/-fKQisEodFs8/T-ecMCH8jDI/AAAAAAAAAuY/Jv5s9gvZcoo/s1600/mDSCF4079.jpg" class="image-47 image-46 image-45 image-44 image-48 image-49 image-50 image-51" width="200" style="width: 200px; cursor: default;">  		Accademia	
1970	Fondation de <b>XEROX PARC</b> par Jack Goldman et Alan Kay	Palo Alto, CA, USA		<img src="http://www.mac-history.net/wp-content/uploads/2008/05/parc-view.jpg" class="image-54 image-53 image-52 image-51 image-55 image-56 image-57 image-58" width="200" style="width: 200px; cursor: default;"> <br><img src="http://s7.computerhistory.org/is/image/CHM/500004656-03-01?$re-zoomed$" class="image-55 image-54 image-53 image-52 image-56 image-57 image-58 image-59" width="200" style="width: 200px; cursor: default;"> <br><img src="http://www.techspot.com/articles-info/477/images/parc-hq.jpg" class="image-56 image-55 image-54 image-53 image-57 image-58 image-59 image-60" width="200" style="width: 200px; cursor: default;">  		Entreprise	
1977	Introduction de l’<b>Apple II</b>	Palo Alto, CA, USA		<img src="http://cdn.cultofmac.com/wp-content/uploads/2011/08/Screen-Shot-2011-08-25-at-15.58.08.png" class="image-52 image-51 image-50 image-49 image-48 image-53 image-54 image-55" width="200" style="width: 200px; cursor: default;"> <br><img src="http://macdailynews.files.wordpress.com/2012/04/120417_woz_jobs_apple_ii.jpg" class="image-51 image-53 image-52 image-50 image-54 image-55 image-56" width="200" style="width: 200px; cursor: default;">  	<img src="http://t0.gstatic.com/images?q=tbn:ANd9GcRHObO04n3VT2UoF1yeLh1xtqaE2Eq0ym5hNa1XXdQoNah4EqwaHmH8EKY-nA" class="image-53 image-52 image-51 image-50 image-49 image-54 image-55 image-56 image-57" width="200" style="width: 200px; cursor: default;">  	Technologie	
1969	Fondation de <b>Frog Design</b> Inc par Hartmut Esslinger	Mutlangen, Deutschland	<a href="http://louiseveillard.com/files/carto-dr-5/index.html?lng=9.18714&amp;lat=45.489774&amp;zom=14" target="_blank"><img src="http://d13yacurqjgara.cloudfront.net/users/122350/screenshots/960176/mapicon800.png" class="image-22 image-23 image-31 image-60 image-61" width="200" style="width: 200px; cursor: default;"></a>  	<img src="http://alexbarrette.files.wordpress.com/2010/09/frog_design-logo-ed709f52ba-seeklogo-com.gif" class="image-57 image-56 image-55 image-54 image-58 image-59 image-60 image-61 image-62" width="200" style="width: 200px; cursor: default;"> <br><img src="http://www.frogdesign.com/images/about-history-hero.jpg" class="image-58 image-57 image-56 image-55 image-59 image-60 image-61 image-62 image-63" width="200" style="width: 200px; cursor: default;">  	<img src="http://www.cucug.org/amiga/aminews/images/escom12.gif" class="image-59 image-58 image-57 image-56 image-60 image-61 image-62 image-63 image-64" width="200" style="width: 200px; cursor: default;">  	Agence	
1968	<b>Mother of all demo</b> @joint computer conference			<img src="http://images.gizmag.com/inline/engelbart-arc-4.jpg" class="image-60 image-59 image-58 image-57 image-61 image-62 image-63 image-64 image-65" width="200" style="width: 200px; cursor: default;">  			
1963	Invention de la <b>souris</b> par Douglas Engelbart au Stanford Research Institute	Stanford, CA, USA		<img src="http://media.joe.ie/wp-content/uploads/2013/07/Mouse-first.jpg" class="image-61 image-60 image-59 image-58 image-62 image-63 image-64 image-65 image-66" width="200" style="width: 200px; cursor: default;">  	<img src="http://farm2.static.flickr.com/1139/1375209378_1b9878813c.jpg" class="image-61 image-62 image-63 image-64 image-65 image-66 image-67" width="200" style="width: 200px; cursor: default;">  	Technologie	
